﻿<?xml version="1.0" encoding="UTF-8" standalone="yes"?>
<addon id="plugin.video.dzivaistv" version="1.0.0" name="Dzīvais TV" provider-name="xcoder123">
	<requires>
		<import addon="xbmc.python" version="2.19.0" />
		<import addon="script.module.urlresolver" version="3.0.24" />
		<import addon="script.module.metahandler" version="1.0.0" />
		<import addon="script.module.parsedom" version="0.9.1"/>
		<import addon="script.module.requests" version="2.7.0"/>
	</requires>
	<extension point="xbmc.python.pluginsource" library="default.py">
		<provides>video</provides>
	</extension>
	<extension point="xbmc.addon.metadata">
		<summary lang="en">Dzīvais TV</summary>
		<description lang="en">Skaties dzīvo TV latviešu valodā un citās. Lūdzu ja ir iespējams atbalstat http://tvid.us/, tikai dēļ viņiem šis ir iespējams</description>
		<disclaimer lang="en">The author does not host or distribute any of the content displayed by this addon. The author does not have any affiliation with the content provider.</disclaimer>
		<platform>all</platform>
		<source>https://github.com/xcoder123/KodiLatviesiem</source>
		<news></news>
	</extension>
</addon>