﻿<?xml version="1.0" encoding="UTF-8" standalone="yes"?>
<addon id="plugin.video.dzivaistv" version="1.2.2" name="Dzīvais TV" provider-name="xcoder123">
	<requires>
		<import addon="xbmc.python" version="2.19.0" />		
		<import addon="script.module.metahandler" version="2.9.0" />
		<import addon="script.module.parsedom" version="2.5.2"/>
		<import addon="script.module.requests" version="2.14.0"/>
	</requires>
	<extension point="xbmc.python.pluginsource" library="default.py">
		<provides>video</provides>
	</extension>
	<extension point="xbmc.addon.metadata">
		<summary lang="en">Dzīvais TV</summary>
		<description lang="en">Skaties dzīvo TV latviešu valodā un citās.</description>
		<disclaimer lang="en">The author does not host or distribute any of the content displayed by this addon. The author does not have any affiliation with the content provider.</disclaimer>
		<platform>all</platform>
		<source>https://github.com/xcoder123/KodiLatviesiem</source>
		<news></news>
	</extension>
</addon>