﻿<?xml version="1.0" encoding="UTF-8" standalone="yes"?>
<addon id="plugin.video.filmaslatviski" version="1.5.0" name="Filmas Latviski" provider-name="xcoder123">
	<requires>
		<import addon="xbmc.python" version="2.19.0" />
		<import addon="script.module.urlresolver" version="3.0.25" />
		<import addon="script.module.metahandler" version="1.0.0" />
		<import addon="script.module.parsedom" version="0.9.1"/>
		<import addon="script.module.requests" version="2.9.1"/>
	</requires>
	<extension point="xbmc.python.pluginsource" library="filmas-latviski.py">
		<provides>video</provides>
	</extension>
	<extension point="xbmc.addon.metadata">
		<summary lang="en">Filmas Latviski</summary>
		<description lang="en">Skaties filmas latviešu valodā</description>
		<disclaimer lang="en">The author does not host or distribute any of the content displayed by this addon. The author does not have any affiliation with the content provider.</disclaimer>
		<platform>all</platform>
		<source>https://github.com/xcoder123/KodiLatviesiem</source>
		<news></news>
	</extension>
</addon>