<?xml version="1.0" encoding="UTF-8" standalone="yes"?>
<addon id="repository.latviesiem" name="Kodi Latviesiem Addons" version="1.0.3" provider-name="RobinsHuds">
	<extension point="xbmc.addon.repository" name="Kodi Latviesiem Addon Repository">
		<info compressed="false">https://github.com/robinshuds/KodiLatviesiem/raw/master/addons.xml</info>
		<checksum>https://github.com/robinshuds/KodiLatviesiem/raw/master/addons.xml.md5</checksum>
		<datadir zip="true">https://github.com/robinshuds/KodiLatviesiem/raw/master/repo/</datadir>
	</extension>
	<extension point="xbmc.addon.metadata">
		<summary>Install Kodi Latviesiem</summary>
		<description>Download and install addons to watch movies or TV in Latvian</description>
		<platform>all</platform>
	</extension>
</addon>