﻿<?xml version="1.0" encoding="UTF-8" standalone="yes"?>
<addon id="repository.kodi-latviesiem" name="Kodi-Latviesiem Addons" version="1.0.0" provider-name="xcoder123">
	<extension point="xbmc.addon.repository" name="Kodi-Latviesiem Addon Repository">
		<info compressed="false">http://github.com/xcoder123/kodi-latviesiem/raw/master/addons.xml</info>
		<checksum>http://github.com/xcoder123/kodi-latviesiem/raw/master/addons.xml.md5</checksum>
		<datadir zip="true">http://github.com/xcoder123/kodi-latviesiem/raw/master/repo/</datadir>
	</extension>
	<extension point="xbmc.addon.metadata">
		<summary>Install Kodi-Latvisiem Addons</summary>
		<description>Lejupielādē un instalē addonus lai skatītu latvijas TV vai filmas latviešu valodā</description>
		<platform>all</platform>
	</extension>
</addon>

